单词,词频
from,413
more,305
will,259
than,253
section,200
based,186
passage,180
questions,177
people,159
just,154
there,153
through,152
letter,150
part,140
sheet,128
minutes,112
once,111
like,109
heard,107
only,105
work,104
single,98
after,93
line,89
said,88
would,87
children,85
should,83
students,82
following,82
data,80
world,76
choose,76
parents,75
hear,75
choices,74
over,73
could,73
most,71
mark,69
information,69
answer,69
says,68
marked,66
research,65
math,65
bank,64
even,63
while,62
conversation,59
university,58
problems,58
before,58
years,56
because,56
school,54
high,53
help,53
technology,52
study,52
health,52
year,51
making,51
between,51
where,50
life,50
given,50
researchers,49
words,48
recording,47
online,47
found,46
directions,46
around,46
less,45
been,45
statements,42
likely,42
going,42
college,42
science,41
products,41
companies,41
allowed,41
social,40
human,40
during,40
water,39
take,39
required,39
make,39
write,38
well,38
scientists,38
might,38
long,38
better,38
being,38
become,38
used,37
public,37
education,37
best,37
important,36
comprehension,36
change,36
think,35
industry,35
good,35
american,35
need,34
class,34
care,34
still,33
money,33
however,33
food,33
first,33
against,33
government,32
energy,32
choice,32
among,32
according,32
workers,31
prices,31
often,31
hours,31
countries,31
very,30
different,30
cdirections,30
adirections,30
rather,29
made,29
future,29
development,29
costs,29
bdirections,29
waste,28
does,28
chinese,28
business,28
system,27
same,27
reading,27
read,27
merian,27
last,27
instead,27
farmers,27
emissions,27
cost,27
company,27
climate,27
apple,27
space,26
sharing,26
home,26
half,26
find,26
environment,26
contains,26
taking,25
since,25
risk,25
others,25
identify,25
down,25
decide,25
cities,25
back,25
attention,25
term,24
skills,24
robots,24
place,24
photos,24
percent,24
needs,24
growing,24
group,24
great,24
feel,24
benefits,24
away,24
attached,24
word,23
whether,23
teachers,23
schools,23
sales,23
potential,23
plants,23
jobs,23
income,23
here,23
enough,23
economic,23
changes,23
young,22
states,22
retail,22
problem,22
open,22
number,22
large,22
item,22
families,22
control,22
carefully,22
working,21
want,21
twoquestions,21
times,21
though,21
stores,21
relationships,21
program,21
positive,21
please,21
performance,21
paragraphs,21
major,21
including,21
importance,21
impact,21
history,21
hard,21
ever,21
especially,21
come,21
century,21
called,21
blanks,21
blank,21
advertising,21
across,21
access,21
using,20
under,20
translation,20
today,20
then,20
state,20
species,20
something,20
show,20
satellites,20
programs,20
onequestions,20
nations,20
devices,20
academic,20
ways,19
universities,19
recognition,19
free,19
expensive,19
demand,19
decision,19
customers,19
country,19
behaviors,19
value,18
tend,18
success,18
services,18
satellite,18
risks,18
retailers,18
real,18
quality,18
possible,18
plan,18
perhaps,18
million,18
medical,18
media,18
level,18
internet,18
higher,18
environmental,18
studies,17
small,17
sleep,17
serious,17
resources,17
price,17
popular,17
past,17
issues,17
humans,17
having,17
global,17
family,17
easy,17
easily,17
driving,17
consumers,17
conditions,17
communities,17
communication,17
clear,17
businesses,17
areas,17
almost,17
training,16
thinking,16
stress,16
scientific,16
robot,16
rice,16
recovery,16
person,16
national,16
mental,16
management,16
lives,16
listening,16
helps,16
followed,16
experience,16
doing,16
decisions,16
conversations,16
comes,16
bring,16
adults,16
until,15
thing,15
technologies,15
steinberg,15
seem,15
right,15
report,15
rates,15
published,15
progress,15
policy,15
packaging,15
nearly,15
levels,15
learning,15
later,15
lack,15
game,15
friends,15
fashion,15
farrant,15
face,15
efforts,15
earth,15
differences,15
common,15
carbon,15
benefit,15
already,15
africa,15
actually,15
woman,14
unemployment,14
traditional,14
things,14
teenagers,14
team,14
survey,14
status,14
society,14
process,14
phone,14
paid,14
makes,14
look,14
longer,14
involved,14
interest,14
intelligence,14
insurance,14
huge,14
fuel,14
focused,14
effects,14
economy,14
didn,14
degree,14
crops,14
birds,14
billion,14
beyond,14
americans,14
america,14
wrote,13
understanding,13
trying,13
together,13
taken,13
side,13
short,13
service,13
race,13
question,13
provide,13
power,13
point,13
plans,13
members,13
market,13
languages,13
international,13
harm,13
green,13
give,13
fossil,13
focus,13
example,13
early,13
doctors,13
despite,13
designed,13
debris,13
create,13
consumption,13
complex,13
community,13
brain,13
began,13
although,13
ability,13
view,12
tech,12
tasks,12
supply,12
suggest,12
spending,12
spend,12
south,12
shift,12
result,12
operations,12
nothing,12
lower,12
learn,12
knowledge,12
issue,12
influence,12
greater,12
getting,12
expenses,12
european,12
employees,12
effect,12
developing,12
developed,12
competition,12
compared,12
colleagues,12
city,12
believe,12
analysis,12
always,12
alone,12
agreement,12
activities,12
action,12
wrong,11
worth,11
workplace,11
within,11
white,11
welfare,11
video,11
towards,11
throughout,11
tests,11
successful,11
student,11
start,11
rich,11
results,11
remains,11
really,11
project,11
pressure,11
places,11
offer,11
never,11
natural,11
middle,11
means,11
mean,11
lead,11
know,11
kitchen,11
kids,11
insects,11
graduates,11
grade,11
examples,11
effort,11
effectively,11
design,11
cubesats,11
consequences,11
competitions,11
caused,11
cause,11
cars,11
career,11
building,11
build,11
base,11
available,11
approach,11
along,11
adolescents,11
united,10
took,10
thought,10
test,10
television,10
teens,10
sure,10
summer,10
style,10
starting,10
started,10
sometimes,10
someone,10
smart,10
sites,10
simply,10
seen,10
reduce,10
recently,10
recent,10
provides,10
providers,10
professor,10
private,10
present,10
practical,10
post,10
poor,10
period,10
order,10
opportunities,10
needed,10
morgan,10
memory,10
local,10
laws,10
language,10
known,10
kind,10
island,10
increase,10
improve,10
house,10
helped,10
held,10
growth,10
grand,10
grades,10
generation,10
fewer,10
experts,10
experiment,10
encourage,10
employers,10
email,10
earlier,10
dumps,10
done,10
doesn,10
digital,10
decades,10
consumer,10
colleges,10
claims,10
cite,10
changing,10
challenge,10
center,10
cases,10
cannot,10
average,10
asked,10
antarctica,10
actors,10
TRUE,10
women,9
wanted,9
voice,9
systems,9
store,9
stop,9
steps,9
stations,9
station,9
smartphone,9
share,9
seeds,9
scale,9
saying,9
save,9
safety,9
rest,9
responsible,9
relationship,9
raise,9
protection,9
product,9
primarily,9
pose,9
pictures,9
officials,9
offers,9
next,9
news,9
near,9
months,9
macy,9
machines,9
looking,9
least,9
leading,9
iphone,9
investment,9
interactive,9
images,9
idea,9
hope,9
habits,9
groups,9
genetic,9
fuels,9
form,9
fields,9
field,9
fatigue,9
experiences,9
etheridge,9
effective,9
director,9
difficult,9
days,9
daily,9
created,9
concerned,9
concern,9
cola,9
black,9
bill,9
belief,9
behavior,9
aren,9
area,9
anything,9
algorithms,9
agencies,9
activity,9
able,9
york,8
worldwide,8
works,8
week,8
vulnerable,8
variety,8
values,8
upon,8
turn,8
treatment,8
tourists,8
studying,8
storks,8
statistics,8
sportswear,8
sources,8
soon,8
smoking,8
smartphones,8
simple,8
similar,8
significant,8
several,8
security,8
roles,8
reports,8
reported,8
related,8
regions,8
record,8
reason,8
quickly,8
provided,8
produce,8
population,8
play,8
peers,8
patients,8
party,8
outside,8
ones,8
negative,8
necessary,8
naturally,8
models,8
messages,8
matter,8
machine,8
lots,8
loans,8
living,8
lions,8
lifestyle,8
left,8
lake,8
kinds,8
keep,8
journal,8
john,8
individual,8
increasing,8
include,8
hawking,8
happens,8
hacker,8
greenhouse,8
google,8
goods,8
goals,8
famous,8
evidence,8
everyone,8
eventually,8
enjoy,8
engaged,8
ecosystem,8
drug,8
diversity,8
decade,8
damage,8
current,8
culture,8
critical,8
creation,8
courses,8
connected,8
component,8
clothing,8
classes,8
child,8
challenges,8
certain,8
came,8
call,8
brick,8
body,8
became,8
babies,8
authors,8
author,8
attitude,8
appear,8
appeal,8
anywhere,8
animals,8
amateur,8
ahead,8
advice,8
advanced,8
account,8
accessible,8
abilities,8
written,7
whole,7
weather,7
wealth,7
vehicles,7
vacation,7
usually,7
unfortunately,7
type,7
trust,7
trend,7
travel,7
toward,7
tool,7
threat,7
terms,7
teaching,7
task,7
support,7
suffer,7
structural,7
stressed,7
standard,7
specific,7
software,7
size,7
situation,7
shows,7
setting,7
series,7
sensors,7
scores,7
savings,7
round,7
room,7
roman,7
role,7
rodriguez,7
rise,7
residents,7
require,7
remain,7
rate,7
raised,7
psychology,7
psychological,7
productivity,7
produced,7
probably,7
policies,7
plant,7
physical,7
periods,7
peer,7
patterns,7
passages,7
participation,7
paper,7
organization,7
network,7
name,7
model,7
mathematics,7
materials,7
largest,7
jones,7
interests,7
institutions,7
institute,7
innovation,7
inequality,7
increasingly,7
increases,7
increased,7
helping,7
hand,7
grow,7
ground,7
governments,7
goes,7
gives,7
general,7
funding,7
friendly,7
foundation,7
forms,7
follow,7
flamingos,7
finding,7
feedback,7
factors,7
facilities,7
eyes,7
expect,7
everything,7
enables,7
employment,7
elite,7
electronic,7
efficiently,7
driven,7
drive,7
disease,7
discovered,7
designers,7
designer,7
depends,7
delta,7
david,7
cubesat,7
crisis,7
concerns,7
computer,7
campus,7
busy,7
bureau,7
book,7
below,7
beings,7
beginning,7
becoming,7
becomes,7
awareness,7
audience,7
assistance,7
arctic,7
alike,7
again,7
affect,7
advantage,7
writing,6
winter,6
wild,6
widely,6
west,6
weight,6
wealthy,6
viewers,6
valuable,6
uses,6
urban,6
turning,6
trial,6
transport,6
tour,6
tough,6
told,6
thus,6
temperature,6
talent,6
takes,6
survive,6
suffering,6
strong,6
street,6
steel,6
stay,6
starts,6
spanish,6
source,6
snail,6
smaller,6
situations,6
sign,6
showed,6
sense,6
seniors,6
seems,6
second,6
scientist,6
rules,6
rising,6
rights,6
review,6
resurrection,6
resulting,6
responsibility,6
response,6
reserves,6
records,6
reality,6
reach,6
prove,6
professors,6
privacy,6
priority,6
presence,6
poverty,6
playing,6
players,6
planet,6
perspective,6
parts,6
parent,6
overall,6
outsourcing,6
numbers,6
nine,6
natron,6
moving,6
movement,6
move,6
mostly,6
month,6
method,6
measure,6
meanwhile,6
meaning,6
meals,6
massive,6
majority,6
mainly,6
lose,6
limited,6
lifestyles,6
leisure,6
launched,6
launch,6
latest,6
kola,6
klenow,6
invisible,6
investments,6
interactions,6
intensive,6
industries,6
impossible,6
imagine,6
ideas,6
hold,6
healthy,6
hale,6
habit,6
giant,6
generally,6
forward,6
foods,6
flack,6
farms,6
factor,6
fact,6
extract,6
experiments,6
expand,6
existence,6
events,6
essay,6
efficiency,6
educational,6
educated,6
earning,6
diehl,6
descriptions,6
decline,6
decided,6
debt,6
death,6
database,6
cycle,6
creative,6
counts,6
contribute,6
continent,6
connection,6
concepts,6
concept,6
commercial,6
code,6
close,6
circles,6
childhood,6
checking,6
census,6
case,6
capital,6
calls,6
california,6
buildings,6
brand,6
bear,6
basic,6
banks,6
aware,6
attitudes,6
association,6
aspect,6
asleep,6
argued,6
appropriate,6
ancient,6
amount,6
allow,6
advocates,6
advances,6
adolescent,6
zone,5
worry,5
worried,5
wise,5
weren,5
wasn,5
vocal,5
views,5
vehicle,5
various,5
varieties,5
variables,5
unless,5
unique,5
understand,5
trigger,5
treatments,5
treaties,5
traffic,5
tracking,5
town,5
tools,5
tons,5
tolerant,5
tiny,5
tier,5
third,5
technological,5
technical,5
teacher,5
teach,5
taxpayers,5
taught,5
supports,5
studied,5
story,5
standards,5
sports,5
spent,5
speaking,5
solutions,5
sold,5
socially,5
slow,5
skill,5
shops,5
sharply,5
shared,5
sets,5
sensible,5
selling,5
scholars,5
schedules,5
russian,5
routes,5
riders,5
resilience,5
requires,5
reputation,5
released,5
relations,5
regular,5
reflect,5
reasons,5
rearing,5
ready,5
range,5
racial,5
purposes,5
proposal,5
properly,5
projects,5
professional,5
production,5
principle,5
pretty,5
pressing,5
practice,5
powers,5
pool,5
political,5
plain,5
pieces,5
piaget,5
phones,5
personal,5
perform,5
payments,5
passengers,5
participants,5
parenting,5
parental,5
paintings,5
painted,5
outcomes,5
opposition,5
opposed,5
olympiad,5
office,5
obvious,5
observed,5
nuts,5
nurses,5
novel,5
night,5
necessarily,5
nation,5
musk,5
motivated,5
moral,5
modern,5
mixed,5
missing,5
miles,5
migration,5
medicare,5
material,5
mass,5
markets,5
marine,5
list,5
lines,5
leaves,5
larger,5
lagoons,5
labels,5
labeling,5
journals,5
journalism,5
irrigation,5
interested,5
insurers,5
individuals,5
incentives,5
improvement,5
holiday,5
haslam,5
happening,5
happen,5
grows,5
greatly,5
greatest,5
graduate,5
gong,5
goal,5
gets,5
further,5
full,5
forming,5
floor,5
flexibility,5
fine,5
financial,5
filled,5
fell,5
feeling,5
faster,5
fast,5
farming,5
failure,5
fail,5
facing,5
expected,5
examined,5
europe,5
estimates,5
engage,5
emphasis,5
emotional,5
electronics,5
electric,5
ecosystems,5
economies,5
ebro,5
drugs,5
drink,5
diseases,5
directly,5
difficulties,5
differently,5
determine,5
description,5
deposits,5
degrees,5
deep,5
currently,5
currency,5
cultural,5
credit,5
counterparts,5
cooperation,5
contributed,5
continue,5
consider,5
completely,5
compensation,5
communications,5
commenting,5
collaboration,5
cognitive,5
coal,5
closely,5
click,5
citizens,5
channel,5
chain,5
certainly,5
centre,5
cautious,5
capacity,5
campaign,5
cameron,5
brookdale,5
boost,5
books,5
believed,5
behind,5
begin,5
beat,5
battle,5
balance,5
attracted,5
attempt,5
attack,5
aside,5
arts,5
artists,5
article,5
anxiety,5
ants,5
antarctic,5
amsat,5
amounts,5
alert,5
african,5
afford,5
administration,5
active,5
above,5
yudell,4
youth,4
worse,4
wonders,4
willing,4
widespread,4
whereas,4
weekend,4
wear,4
warning,4
wants,4
wall,4
wage,4
volume,4
vary,4
useful,4
untreated,4
union,4
underground,4
unable,4
ultimately,4
twice,4
twenty,4
tried,4
trees,4
tree,4
transition,4
transform,4
train,4
trade,4
tracked,4
topic,4
tomato,4
tobacco,4
thinks,4
taste,4
target,4
talk,4
surprising,4
suppose,4
suggests,4
suggesting,4
sufficient,4
successfully,4
struggle,4
strategy,4
storage,4
stone,4
step,4
staying,4
staff,4
spread,4
spot,4
sound,4
sort,4
solving,4
solution,4
societies,4
snowden,4
slightly,4
skin,4
skating,4
sick,4
shouldn,4
shortage,4
shopping,4
shoppers,4
ships,4
sewage,4
serve,4
sensitive,4
senior,4
secret,4
season,4
search,4
seabirds,4
screen,4
schwartz,4
scary,4
salty,4
safe,4
russia,4
runs,4
robotics,4
risky,4
revolution,4
revenue,4
retailing,4
respond,4
respect,4
resistant,4
resilient,4
repository,4
repair,4
remember,4
rely,4
relation,4
recycling,4
raising,4
quarter,4
pyramid,4
pupils,4
pull,4
psychologist,4
providing,4
proven,4
proved,4
promotion,4
promise,4
profitable,4
processes,4
printing,4
primary,4
previously,4
prestigious,4
president,4
preparation,4
powerful,4
potentially,4
poorly,4
polman,4
plane,4
pizza,4
physicists,4
photo,4
payment,4
paying,4
pasta,4
particular,4
paris,4
paragraph,4
palau,4
painting,4
package,4
pace,4
owners,4
outdated,4
outcome,4
otherwise,4
opportunity,4
opinion,4
operating,4
ocean,4
object,4
norms,4
normal,4
nobody,4
nigeria,4
neurice,4
nervous,4
native,4
monitor,4
moen,4
modification,4
modest,4
mistakes,4
minute,4
minister,4
minds,4
military,4
metals,4
metabolism,4
mention,4
medicines,4
medicine,4
meal,4
matters,4
managing,4
manager,4
malls,4
love,4
livestock,4
likes,4
light,4
leaving,4
leave,4
learned,4
leaf,4
late,4
largely,4
lareau,4
land,4
laid,4
labor,4
junior,4
join,4
items,4
interviews,4
intervention,4
interpersonal,4
innovative,4
ingredient,4
indifferent,4
incentive,4
improves,4
improved,4
impacts,4
image,4
identity,4
ideal,4
houses,4
hour,4
hospital,4
hemisphere,4
helpful,4
harder,4
guidelines,4
globalization,4
genome,4
genes,4
gave,4
gases,4
gaming,4
games,4
gains,4
gadgets,4
fully,4
focuses,4
firm,4
fight,4
female,4
fees,4
feeding,4
features,4
familiar,4
fall,4
facts,4
facial,4
faces,4
facebook,4
explanation,4
explains,4
expert,4
exists,4
exercise,4
executives,4
executive,4
exciting,4
exactly,4
everywhere,4
estimated,4
estate,4
establish,4
enable,4
emerged,4
elementary,4
efficient,4
educators,4
east,4
duke,4
drought,4
dream,4
drawing,4
dominated,4
domestic,4
display,4
discovery,4
disasters,4
difficulty,4
difference,4
device,4
details,4
depression,4
demands,4
deliver,4
defined,4
deficit,4
declared,4
decent,4
deal,4
date,4
databases,4
dangers,4
creativity,4
creating,4
covered,4
court,4
course,4
contract,4
content,4
contain,4
contact,4
constantly,4
conflict,4
confidence,4
comprehensive,4
components,4
complaint,4
competitive,4
coming,4
combine,4
collections,4
clinical,4
cleaner,4
church,4
changed,4
certification,4
centuries,4
celebrated,4
causes,4
category,4
carry,4
carli,4
careers,4
cards,4
capable,4
cancer,4
built,4
brown,4
broad,4
british,4
brings,4
break,4
boser,4
bodies,4
biological,4
biggest,4
battery,4
batteries,4
basis,4
attractive,4
athletes,4
associated,4
aspects,4
asking,4
asimov,4
argues,4
approaches,4
answers,4
angeles,4
ancestry,4
alumni,4
alcohol,4
agreed,4
agree,4
aftra,4
affluent,4
affects,4
affecting,4
affairs,4
advantages,4
adulthood,4
achievements,4
accurately,4
accepted,4
acceptance,4
academy,4
zdziarski,3
writes,3
worst,3
worked,3
wonder,3
witlin,3
wish,3
wireless,3
winning,3
wine,3
wilhelm,3
wide,3
went,3
weekends,3
weeds,3
weak,3
watching,3
washington,3
warn,3
warm,3
walmart,3
wages,3
vital,3
virtually,3
viewed,3
videos,3
vacationing,3
utility,3
users,3
urge,3
universe,3
unhealthy,3
uncomfortable,3
typically,3
typical,3
twitter,3
turns,3
turned,3
trip,3
tries,3
trends,3
tremendous,3
transportation,3
tourist,3
topics,3
tired,3
thrive,3
threats,3
thousands,3
terrorist,3
tennessee,3
temperatures,3
tells,3
techniques,3
taxes,3
talking,3
tactics,3
tablets,3
symptoms,3
sustainable,3
surinamensium,3
super,3
subsidies,3
subjects,3
stream,3
straight,3
stopped,3
stocks,3
stimulus,3
statement,3
standing,3
stand,3
stance,3
spots,3
spooner,3
spirit,3
speech,3
solid,3
solar,3
smokers,3
sized,3
singers,3
signaling,3
shown,3
shorter,3
shop,3
sharers,3
shape,3
servants,3
selective,3
select,3
seldom,3
seek,3
sector,3
secretary,3
scott,3
sciences,3
sarah,3
sample,3
salary,3
sahel,3
ruins,3
rubbish,3
routine,3
robust,3
road,3
rivers,3
rivals,3
rift,3
richer,3
revealed,3
returned,3
return,3
reserve,3
resembles,3
researcher,3
requiring,3
represents,3
represent,3
repeated,3
renewables,3
renewable,3
remote,3
relevant,3
reinvention,3
registered,3
region,3
regardless,3
reform,3
reflection,3
refers,3
redundant,3
recover,3
recognize,3
recession,3
received,3
receive,3
realized,3
realize,3
rapidly,3
rapid,3
rainfall,3
radio,3
quiet,3
putting,3
puts,3
pushed,3
purpose,3
publication,3
proportion,3
promote,3
promising,3
programme,3
profits,3
professionals,3
producing,3
processing,3
procedures,3
prize,3
pricing,3
preventing,3
prevent,3
press,3
presidents,3
prepared,3
predicted,3
predators,3
powered,3
posting,3
populations,3
popularity,3
poorer,3
polluted,3
politics,3
poles,3
poem,3
plenty,3
planned,3
piece,3
physics,3
physicians,3
phenomenon,3
performers,3
percentage,3
pays,3
pattern,3
patient,3
path,3
passed,3
partners,3
partly,3
particularly,3
participating,3
participate,3
parisian,3
para,3
pair,3
pacific,3
overworking,3
overwintering,3
orthodox,3
original,3
organizations,3
orbit,3
option,3
openness,3
olds,3
officer,3
offered,3
observations,3
nursing,3
noting,3
notes,3
noted,3
note,3
north,3
nonprofit,3
newspaper,3
networks,3
neighborhood,3
negotiation,3
needy,3
nearby,3
nasa,3
movie,3
mountain,3
mothers,3
morning,3
monitoring,3
moment,3
mobile,3
missions,3
mineral,3
mind,3
millennium,3
midnight,3
metric,3
metamorphosis,3
meeting,3
measures,3
meaningful,3
maybe,3
match,3
marketing,3
manufacturers,3
manufacturer,3
managers,3
makers,3
maker,3
maintain,3
main,3
lunch,3
lonely,3
live,3
link,3
lies,3
league,3
leads,3
leadership,3
leaders,3
lawmakers,3
landscape,3
laboratory,3
korea,3
knows,3
kitchens,3
killing,3
justify,3
justice,3
journalists,3
johnson,3
issued,3
iphones,3
involving,3
involve,3
invade,3
introduce,3
interventions,3
internal,3
interfere,3
interesting,3
intellectual,3
insectorum,3
innovations,3
initiative,3
indicate,3
indians,3
indian,3
independence,3
included,3
implications,3
hypotheses,3
husband,3
humanity,3
housing,3
hopes,3
honest,3
homes,3
holding,3
hogg,3
hobbyists,3
historical,3
hiring,3
hills,3
highlights,3
hepburn,3
head,3
hazards,3
haven,3
harvest,3
harris,3
harmful,3
hardly,3
hanlon,3
hall,3
grid,3
grew,3
gray,3
graduation,3
governor,3
gone,3
giving,3
george,3
genetics,3
generations,3
gained,3
gain,3
funders,3
funded,3
friday,3
french,3
fourth,3
founder,3
former,3
forced,3
force,3
footprint,3
flight,3
flew,3
fleet,3
fish,3
findings,3
finance,3
finally,3
figures,3
fighting,3
fierce,3
festival,3
feet,3
feelings,3
feed,3
favor,3
fashioned,3
farm,3
farley,3
fair,3
failed,3
faced,3
extremely,3
extra,3
exports,3
expense,3
expectations,3
expectancy,3
expansion,3
exist,3
exaggerated,3
everyday,3
event,3
evenings,3
essays,3
escape,3
equally,3
equal,3
entrepreneurs,3
entirely,3
enormous,3
enjoying,3
enhance,3
english,3
england,3
engineers,3
engineering,3
engineer,3
engaging,3
enforcement,3
enemy,3
endangered,3
encryption,3
employee,3
employed,3
emerge,3
elsewhere,3
eight,3
economics,3
eating,3
earnings,3
duties,3
dryness,3
drunk,3
droujkova,3
dropped,3
drop,3
dresses,3
drechsel,3
drawings,3
draw,3
dramatically,3
downtown,3
dollars,3
diverse,3
distractions,3
distinct,3
discussed,3
discrimination,3
discipline,3
direction,3
direct,3
dinner,3
dining,3
diets,3
diet,3
dewalt,3
develop,3
determination,3
destruction,3
desk,3
depressed,3
depleted,3
depicted,3
demonstrated,3
demanding,3
defend,3
dedicated,3
decreases,3
declaration,3
datasets,3
dataset,3
darwin,3
dangerous,3
customer,3
cure,3
cruz,3
crowded,3
cross,3
critics,3
craftsmen,3
coupled,3
costly,3
corporate,3
cook,3
conventional,3
convenient,3
controls,3
contribution,3
contributes,3
contrary,3
continued,3
context,3
contest,3
constitute,3
considered,3
conservation,3
confronting,3
confrontation,3
conducted,3
conducive,3
concluded,3
concerning,3
computers,3
complicated,3
complete,3
complain,3
competitors,3
competed,3
companion,3
committee,3
commission,3
comfortable,3
color,3
collection,3
coca,3
coast,3
coach,3
cleaning,3
classroom,3
claimed,3
claim,3
civilisation,3
citations,3
circle,3
cigarettes,3
choosing,3
cholesterol,3
china,3
chief,3
characters,3
characteristics,3
character,3
chance,3
challenging,3
central,3
cautions,3
causing,3
categories,3
catastrophic,3
capabilities,3
camps,3
cameras,3
camera,3
calculus,3
cable,3
butts,3
burnout,3
burbidge,3
bubble,3
breaking,3
brazil,3
bosses,3
boss,3
bored,3
bois,3
board,3
bluemercury,3
bernardino,3
believes,3
belching,3
begun,3
beecher,3
beauty,3
bases,3
background,3
aviation,3
autonomy,3
australia,3
audrey,3
attend,3
artistic,3
artificial,3
arousal,3
army,3
apps,3
appears,3
anytime,3
anxious,3
anticipated,3
answering,3
announced,3
andrew,3
amish,3
altogether,3
allowing,3
aiming,3
affected,3
advocate,3
advertisers,3
adidas,3
adequate,3
additional,3
actor,3
achievement,3
achieved,3
accuracy,3
accounts,3
accounting,3
absolutely,3
zones,2
zaharopol,2
younger,2
yoga,2
yellow,2
wrapping,2
workload,2
woke,2
wisdom,2
wind,2
wildlife,2
wider,2
wetlands,2
wellness,2
welcome,2
weigh,2
wedding,2
wearing,2
wealthier,2
watson,2
waterways,2
waters,2
watched,2
wasteful,2
washed,2
warns,2
warnings,2
warming,2
walk,2
vulnerabilities,2
voted,2
volunteerssection,2
volunteer,2
vladimir,2
visits,2
visitors,2
virtual,2
versions,2
version,2
venus,2
varies,2
valley,2
vacations,2
utopian,2
urgency,2
upset,2
unworkable,2
unprecedented,2
unnecessary,2
unlike,2
unit,2
unions,2
unintended,2
unexpected,2
unemployed,2
undesirable,2
understood,2
underserved,2
underrepresented,2
underlying,2
underdiagnosed,2
unchanged,2
unaffordable,2
types,2
turnover,2
tuition,2
truly,2
troublesome,2
trouble,2
tropical,2
trinity,2
tricks,2
trick,2
trials,2
treated,2
traveler,2
transmission,2
transformed,2
traits,2
tradition,2
track,2
toxic,2
tours,2
toll,2
tolerance,2
tissues,2
timothy,2
timeline,2
throw,2
threatening,2
thoughts,2
thirst,2
therefore,2
therapy,2
theory,2
theft,2
thanksgiving,2
thank,2
testing,2
testify,2
territory,2
terapio,2
tension,2
telling,2
tell,2
televisions,2
telepressure,2
telepresence,2
teenage,2
teams,2
taxpayer,2
tall,2
talents,2
talented,2
tagged,2
table,2
sympathetic,2
symbolize,2
switch,2
swimming,2
swimmers,2
swanson,2
sustainably,2
suspects,2
susceptible,2
survival,2
surveillance,2
surrounding,2
surprisingly,2
surprised,2
surpass,2
surfing,2
supplies,2
superior,2
summit,2
sukkarieh,2
suited,2
substitutes,2
substantial,2
structures,2
stronger,2
striking,2
strict,2
stretch,2
stressful,2
strength,2
strategies,2
storms,2
storing,2
stories,2
stones,2
stock,2
stereotype,2
stephen,2
stems,2
steep,2
steam,2
stayed,2
statistic,2
star,2
stanford,2
standardized,2
stale,2
stable,2
square,2
sputnik,2
spurring,2
springs,2
spokeswoman,2
split,2
spider,2
spells,2
speed,2
specifically,2
speak,2
southern,2
sounds,2
sooner,2
somewhat,2
soda,2
sociologist,2
socioeconomic,2
smoker,2
slowing,2
sleeping,2
slaves,2
slash,2
skiing,2
skeptical,2
sitting,2
site,2
sisters,2
simultaneously,2
similarly,2
signs,2
signify,2
signals,2
sides,2
shrinking,2
showing,2
shot,2
shortcuts,2
shortages,2
shoes,2
shlizerman,2
shelter,2
shapiro,2
shapes,2
shadow,2
seven,2
session,2
servings,2
serves,2
serrat,2
seriously,2
separate,2
sent,2
sensitivity,2
sensational,2
sells,2
seconds,2
sealed,2
scored,2
scooped,2
scholarship,2
scheduled,2
scene,2
scenarios,2
saves,2
saul,2
satisfactory,2
sanitation,2
sanctuary,2
sanctuaries,2
samples,2
salt,2
sally,2
salinity,2
salaries,2
sadoway,2
rusczyk,2
rural,2
running,2
route,2
rose,2
roots,2
rooted,2
rome,2
roller,2
rocky,2
rises,2
rings,2
rigorous,2
rewards,2
revolutionary,2
revive,2
revenues,2
reveal,2
returning,2
resulted,2
restructuring,2
restaurant,2
resourceful,2
resolve,2
resistance,2
researches,2
researched,2
rescue,2
requirements,2
request,2
reproduced,2
reporting,2
repeatedly,2
repaying,2
remembering,2
remark,2
remained,2
relies,2
relics,2
reliability,2
relaxation,2
relatively,2
relative,2
rejected,2
reinvented,2
reinforce,2
regularly,2
regarded,2
refusing,2
refuge,2
refrain,2
reflects,2
reflected,2
referred,2
refer,2
reductions,2
reducing,2
reduced,2
recovering,2
recorders,2
recipes,2
recall,2
rebellion,2
reasonably,2
reasonable,2
reardon,2
readily,2
rational,2
raschid,2
rarely,2
ranked,2
randomly,2
races,2
quite,2
quietly,2
quick,2
quantity,2
qualifications,2
pushing,2
pushes,2
pursuit,2
pure,2
purdue,2
purchases,2
publishers,2
publicly,2
publicity,2
psychologists,2
provoking,2
proves,2
protecting,2
protected,2
protect,2
proposed,2
property,2
promptly,2
promoting,2
promoted,2
promises,2
prolonged,2
prohibit,2
programmed,2
profit,2
profile,2
proficiency,2
profession,2
prof,2
productive,2
productions,2
producers,2
producer,2
prized,2
privileged,2
printer,2
pride,2
previous,2
prevails,2
prevail,2
presumably,2
preserve,2
presented,2
prepare,2
premiums,2
prefer,2
predictions,2
predict,2
precisely,2
precautions,2
praised,2
practices,2
pounds,2
potent,2
possibly,2
position,2
poses,2
portion,2
popularization,2
pointed,2
plunged,2
playthings,2
plays,2
played,2
platforms,2
plastic,2
planning,2
planck,2
placed,2
pine,2
pilot,2
pick,2
pest,2
personnel,2
persistent,2
perlow,2
performing,2
perfect,2
perceive,2
penalties,2
pemberton,2
peak,2
patience,2
paths,2
patagonia,2
pasture,2
paste,2
passenger,2
parliament,2
parking,2
pamela,2
pages,2
packages,2
paabo,2
owing,2
overwork,2
overwhelmingly,2
overwhelming,2
overproduction,2
overly,2
outweigh,2
ought,2
originality,2
origin,2
oriented,2
organized,2
orbital,2
oranges,2
options,2
opsahl,2
operators,2
operation,2
operates,2
operate,2
opens,2
opened,2
oldest,2
older,2
ogbeh,2
offspring,2
offline,2
official,2
occurred,2
occupational,2
occupation,2
occasion,2
obtained,2
obstacles,2
observe,2
objects,2
obesity,2
obedient,2
oaks,2
nurse,2
numerous,2
numeracy,2
notorious,2
notion,2
notices,2
noticeable,2
notably,2
norway,2
northern,2
nominees,2
noisy,2
nino,2
nicotine,2
neuroscientist,2
networking,2
netherlands,2
nest,2
neighborhoods,2
negotiating,2
negotiate,2
neglected,2
needn,2
necessity,2
nearing,2
navy,2
nature,2
narrow,2
names,2
museums,2
motors,2
motivation,2
morocco,2
moreover,2
monument,2
monday,2
molecular,2
modem,2
mobility,2
mitigation,2
misses,2
mining,2
millions,2
mighty,2
michael,2
metropolitan,2
metrics,2
methods,2
mentioned,2
member,2
megaface,2
meet,2
medium,2
medicinal,2
medications,2
mechanical,2
measuring,2
measured,2
maxx,2
maximum,2
mathematicians,2
mathematical,2
materially,2
masterpieces,2
masterpiece,2
master,2
masses,2
massachusetts,2
mary,2
martin,2
married,2
marks,2
marketers,2
marker,2
mariani,2
maria,2
manner,2
managed,2
manage,2
male,2
majors,2
maintains,2
mahjong,2
lupyan,2
lumped,2
lull,2
lsland,2
loyalty,2
loses,2
looks,2
london,2
lock,2
locations,2
located,2
literally,2
literacy,2
lists,2
liqa,2
linked,2
limiting,2
limit,2
liked,2
lighting,2
lifespan,2
lieberman,2
length,2
legs,2
legitimate,2
legislation,2
leavers,2
learners,2
lcfi,2
lazy,2
lays,2
lawsuits,2
launching,2
launches,2
laptops,2
lamb,2
lags,2
labeled,2
kristin,2
kimura,2
kill,2
keythe,2
kevin,2
kept,2
kemelmacher,2
keith,2
keeps,2
katlyn,2
justification,2
journalist,2
joint,2
jeans,2
italian,2
irritated,2
irrelevant,2
involves,2
involvement,2
inviting,2
investors,2
inventors,2
invention,2
invented,2
intrusions,2
intrusion,2
intrude,2
intimate,2
interact,2
intentions,2
intense,2
intelligent,2
instruments,2
instructions,2
institution,2
instantly,2
instant,2
instance,2
inspired,2
insights,2
insect,2
inner,2
initiated,2
infrastructure,2
informed,2
inflexible,2
inferior,2
industrial,2
indicates,2
independently,2
independent,2
indeed,2
incorrectly,2
incorporate,2
inaccurate,2
improvements,2
impressive,2
imposed,2
imported,2
imply,2
implement,2
immediate,2
imagined,2
illness,2
illegal,2
ignored,2
identifying,2
identified,2
identical,2
idealistic,2
icebergs,2
iceberg,2
hyperactivity,2
hybrid,2
hurt,2
hunting,2
hunger,2
hundreds,2
housewife,2
household,2
hectic,2
heavily,2
heads,2
headphones,2
harsh,2
harper,2
happened,2
hands,2
hair,2
habitats,2
habitat,2
guides,2
grown,2
grounds,2
greenlist,2
grants,2
grant,2
grain,2
graduated,2
gradually,2
grader,2
governmental,2
gold,2
glasses,2
glass,2
gigawatt,2
giants,2
germany,2
german,2
geological,2
genuine,2
generates,2
generate,2
gene,2
geared,2
gathered,2
gasoline,2
gary,2
gambling,2
gale,2
futuristic,2
furthermore,2
fund,2
functional,2
function,2
fueled,2
fruits,2
fruit,2
freshwater,2
fresh,2
frequent,2
freeing,2
freedom,2
frederick,2
frantic,2
frankly,2
france,2
fraction,2
fountains,2
founded,2
forums,2
formed,2
formal,2
forces,2
footwear,2
foothold,2
foolish,2
follows,2
flying,2
flee,2
flat,2
fixed,2
fishing,2
fiscal,2
firms,2
fire,2
finds,2
financing,2
finalized,2
films,2
film,2
filed,2
figure,2
fifth,2
fiction,2
fibrosis,2
fertilizer,2
fellow,2
feels,2
federal,2
fear,2
fashionable,2
fascinating,2
farook,2
farmbots,2
fans,2
falls,2
falling,2
fake,2
fairly,2
failures,2
faculty,2
factory,2
extreme,2
extracurricular,2
external,2
extent,2
extending,2
exporting,2
explosive,2
explorers,2
explored,2
exploration,2
exploiting,2
exploited,2
explained,2
explain,2
experienced,2
expanding,2
exotic,2
existing,2
exhibits,2
exhaustion,2
exhausted,2
excited,2
excessive,2
examine,2
evolve,2
evident,2
europeans,2
estimate,2
established,2
essential,2
equity,2
equipped,2
environmentally,2
entire,2
enthusiasm,2
entered,2
enter,2
ensuring,2
ensures,2
ensure,2
enrolled,2
enrich,2
enjoyed,2
enjoyable,2
enhanced,2
engagement,2
energies,2
endless,2
encouraged,2
employer,2
employ,2
emitting,2
emerging,2
emergence,2
emails,2
eligible,2
elements,2
elections,2
elderly,2
egypt,2
economist,2
economically,2
economical,2
ecological,2
earned,2
earn,2
earliest,2
dunham,2
dubravac,2
dryad,2
dropping,2
drones,2
driverless,2
drinking,2
drilling,2
dress,2
dramatic,2
draft,2
dozens,2
downsides,2
doubtful,2
doubt,2
double,2
doorstep,2
dodge,2
dixon,2
divide,2
distributed,2
distorted,2
distinctive,2
distant,2
disruption,2
disparities,2
disorder,2
discussions,2
discourage,2
discounts,2
disconnecting,2
disciplinary,2
disaster,2
disappear,2
disagree,2
disadvantage,2
directors,2
dioxide,2
diminishing,2
digitally,2
developers,2
determined,2
determinants,2
detect,2
detailing,2
destroyed,2
designs,2
deserts,2
describes,2
described,2
describe,2
derive,2
depending,2
dependent,2
depend,2
department,2
demonstrates,2
demonstrate,2
demographic,2
delivery,2
degradation,2
defense,2
default,2
deeply,2
decrease,2
declines,2
debate,2
deals,2
dealing,2
dash,2
dark,2
daniels,2
danger,2
cutter,2
customized,2
curve,2
curran,2
curiosity,2
cultivation,2
culmination,2
cubans,2
crude,2
crowds,2
crop,2
crime,2
creators,2
crazy,2
craze,2
crash,2
craft,2
courageous,2
couple,2
corrosive,2
correlation,2
corporations,2
corporation,2
cores,2
core,2
cool,2
contributions,2
continuous,2
continues,2
contents,2
contempt,2
contained,2
consuming,2
consulting,2
construct,2
consists,2
consistent,2
considerably,2
conservancy,2
connect,2
congress,2
confusion,2
conferences,2
conference,2
condition,2
conclusive,2
conclusions,2
conclusion,2
concert,2
complications,2
completed,2
complaints,2
compete,2
compelling,2
compelled,2
comparison,2
compare,2
comparable,2
commercials,2
commerce,2
colonies,2
collegial,2
collective,2
colleague,2
collar,2
colin,2
cold,2
colas,2
cognition,2
coffee,2
codes,2
coastal,2
clubs,2
club,2
closings,2
closer,2
clearly,2
clean,2
classic,2
civilization,2
civil,2
civic,2
circulation,2
cigarette,2
chunk,2
christopher,2
chiefly,2
chess,2
cherished,2
chemist,2
check,2
cheaper,2
cheap,2
charging,2
charged,2
charge,2
channels,2
champion,2
certified,2
centralized,2
celebrate,2
caught,2
cattle,2
casing,2
cash,2
cartons,2
card,2
carbohydrates,2
carbohydrate,2
candidate,2
calculations,2
calculate,2
busyness,2
bureaucracies,2
bullying,2
budgets,2
budget,2
brought,2
broken,2
broader,2
britain,2
bristol,2
bright,2
bricks,2
breeding,2
breaks,2
breakfast,2
brands,2
brains,2
bottom,2
bots,2
bother,2
botanist,2
born,2
bonus,2
boats,2
blood,2
birth,2
biology,2
bills,2
bigger,2
benign,2
beneficial,2
bellingshausen,2
behaviour,2
behavioral,2
beaten,2
bearing,2
beard,2
battles,2
basically,2
bartram,2
barriers,2
barrels,2
bare,2
banning,2
bankruptcy,2
bacteria,2
backward,2
backgrounds,2
axis,2
automatically,2
automatic,2
authorship,2
authority,2
attract,2
attentive,2
attach,2
atlas,2
atlantic,2
atlanta,2
astronomer,2
associate,2
assigned,2
assessment,2
assessing,2
asian,2
asia,2
array,2
aristocrats,2
arise,2
argument,2
argue,2
approved,2
apply,2
applied,2
appearing,2
appearances,2
apparently,2
apparel,2
anyone,2
antibiotics,2
anti,2
annual,2
anniversary,2
anger,2
andrea,2
ancestors,2
analyzing,2
amazon,2
alternative,2
alongside,2
allows,2
align,2
algebra,2
aims,2
aimed,2
agriculture,2
agricultural,2
ages,2
agency,2
advocated,2
advisers,2
advertisements,2
advancement,2
advance,2
adopting,2
adopt,2
adding,2
addicts,2
addiction,2
addicted,2
added,2
adaptation,2
acting,2
acres,2
achieve,2
accused,2
accounted,2
accompanied,2
accessibility,2
accept,2
accelerated,2
accelerate,2
academically,2
abuse,2
abundant,2
abruptly,2
zoology,1
zohr,1
zijlstra,1
zeroth,1
zero,1
zealand,1
zanne,1
yuuji,1
youthful,1
youshould,1
youngsters,1
youngbeauty,1
yong,1
yield,1
yesterday,1
xerophyta,1
xavier,1
wrongly,1
writers,1
wrestling,1
wrestled,1
wouldn,1
worsens,1
worsening,1
worrying,1
worn,1
worldly,1
workplaces,1
workmates,1
workforce,1
workflow,1
worker,1
workday,1
workaholics,1
wore,1
wooden,1
wood,1
wonderful,1
withstand,1
withdrawssection,1
wins,1
winners,1
wings,1
wines,1
windows,1
windiest,1
winckelmann,1
willpower,1
willl,1
wilkins,1
wilder,1
wife,1
whilecelebrating,1
whichmight,1
whichcan,1
whereby,1
whenever,1
whatsoever,1
western,1
wendy,1
wellcome,1
wellbeing,1
weird,1
weighingsection,1
websites,1
website,1
weathers,1
weakening,1
weaken,1
waves,1
waterproof,1
watches,1
watchdog,1
watch,1
wastewater,1
wasted,1
wastea,1
wash,1
warranty,1
warrantsection,1
warner,1
warmer,1
wanting,1
walter,1
walnuts,1
walkability,1
wales,1
wake,1
wait,1
waged,1
vulturous,1
voyage,1
voters,1
vote,1
volunteers,1
voluntary,1
volumes,1
voices,1
vocabulary,1
vocabularies,1
vividly,1
vivid,1
vitally,1
visuals,1
visiting,1
visit,1
visibility,1
viscosa,1
virtues,1
violet,1
violentsection,1
violates,1
violated,1
villas,1
vigorous,1
videotaping,1
victorious,1
victorians,1
victorian,1
victims,1
viable,1
veteran,1
vessels,1
verbal,1
ventures,1
venter,1
venice,1
veneto,1
vegetable,1
vegas,1
variations,1
variable,1
vanishedh,1
vanguard,1
validated,1
vague,1
vaccine,1
vaccinate,1
vacancies,1
uttering,1
utilized,1
utilised,1
ussr,1
userswith,1
usefulness,1
urgent,1
urbanity,1
upwards,1
upward,1
upstream,1
upside,1
upkeep,1
uphold,1
upgrading,1
updating,1
update,1
upbringings,1
unwise,1
unwillingness,1
unwholesome,1
unwelcoming,1
unusual,1
unused,1
unsustainable,1
unsuccessful,1
unscheduled,1
unrestrained,1
unreliable,1
unregulated,1
unreasonable,1
unrealistic,1
unproductive,1
unpredictable,1
unobserved,1
unlocking,1
unlikely,1
universalg,1
universal,1
units,1
uninhabitable,1
unimportant,1
unfortunate,1
unfolding,1
unfilled,1
unfamiliar,1
unfairly,1
unfair,1
unequal,1
uneasy,1
undistracted,1
undertakessection,1
underprivileged,1
undermining,1
undermine,1
undergraduates,1
undergonef,1
undergoes,1
undergo,1
underestimates,1
underestimated,1
uncritical,1
uncovered,1
unconventional,1
uncontrollable,1
unclear,1
uncertainty,1
uncertain,1
unaware,1
unattended,1
unacceptable,1
ultra,1
tyrants,1
typicalsection,1
twentieth,1
tutoring,1
tutaabsoluta,1
tussling,1
turkey,1
turbulent,1
tunisia,1
tuned,1
tubes,1
tter,1
tryto,1
truth,1
trusted,1
trucks,1
troubles,1
trivial,1
triumph,1
trillion,1
trickery,1
treasure,1
travels,1
travelled,1
travelers,1
trap,1
transporting,1
transparency,1
transmitters,1
transmit,1
translate,1
transitionfrom,1
transit,1
transfers,1
transfer,1
trains,1
trained,1
trails,1
tragedy,1
traditions,1
tradingschemes,1
traders,1
tracks,1
toys,1
toyohashi,1
towns,1
tougher,1
totally,1
totaling,1
torpedoed,1
toother,1
tony,1
tonne,1
tonic,1
tongues,1
tones,1
tone,1
tomorrow,1
tommy,1
tomatoes,1
tomake,1
tolerate,1
tocut,1
titus,1
tips,1
tion,1
timely,1
tighter,1
ties,1
tiered,1
ticket,1
thursday,1
throws,1
throughthe,1
threshold,1
thread,1
thousand,1
thoroughness,1
thorough,1
thompson,1
thissaying,1
thirty,1
thinkers,1
thick,1
thermostats,1
thermal,1
theresults,1
thepractice,1
theplanet,1
theoretical,1
themost,1
theme,1
theglobal,1
theforeseeable,1
thedot,1
thecorresponding,1
thatsubstantial,1
thata,1
thanks,1
textures,1
texture,1
texts,1
textless,1
texting,1
tested,1
tesla,1
terry,1
terminology,1
terminalse,1
teny,1
tenfold,1
tends,1
tended,1
tenants,1
tenacity,1
tempting,1
tempted,1
temporary,1
temporarily,1
temporal,1
templeton,1
tempering,1
temper,1
tellingly,1
telescope,1
teenager,1
teen,1
teddy,1
technophobic,1
technologically,1
teapot,1
teammates,1
taylor,1
taxis,1
tasty,1
targeting,1
targeted,1
tapping,1
tangible,1
talks,1
talked,1
takersb,1
takeovers,1
tailoring,1
tags,1
tagging,1
tack,1
tables,1
systematically,1
systematic,1
syrup,1
syndrome,1
symposium,1
symbiotic,1
switzerland,1
switches,1
swimwear,1
swignley,1
swiftly,1
sweet,1
sway,1
swapping,1
swamps,1
swallows,1
svante,1
sustaining,1
sustain,1
suspicion,1
suspension,1
suspected,1
survivedd,1
surveyed,1
surrounded,1
surplus,1
surgeon,1
surged,1
surge,1
surely,1
supporting,1
supporters,1
supplements,1
supplemented,1
supplementb,1
suplejack,1
supervisor,1
supervision,1
supermarkets,1
summers,1
suitable,1
suit,1
suggestions,1
suggestion,1
suggested,1
sugary,1
sugars,1
sugar,1
suffice,1
sufferings,1
sued,1
sudden,1
successive,1
successes,1
succeeding,1
succeeded,1
succeed,1
suburbs,1
subtle,1
substitute,1
subsequently,1
subscribers,1
subscribe,1
submitted,1
subject,1
stupidity,1
stunning,1
stump,1
studyin,1
studentsfrom,1
stuck,1
stubborn,1
struggling,1
struggled,1
structure,1
strongly,1
strongest,1
strongdollar,1
stroke,1
strived,1
strive,1
strips,1
stripping,1
stripe,1
strikingly,1
strikers,1
strike,1
strengthening,1
strengthen,1
streets,1
streams,1
stratum,1
strategic,1
strapping,1
strangely,1
strange,1
stranded,1
strains,1
stowe,1
stork,1
stored,1
stops,1
stopping,1
stood,1
stockholm,1
stimulation,1
stimulating,1
stimulated,1
stimulants,1
sticks,1
steve,1
stereotypes,1
stem,1
steels,1
steal,1
steady,1
steadily,1
stays,1
statues,1
stationed,1
stated,1
startups,1
staple,1
standardizedsection,1
standardize,1
standardization,1
stamp,1
stalks,1
staked,1
staggering,1
stages,1
stage,1
staffing,1
stack,1
stacey,1
stability,1
sprout,1
spring,1
spreading,1
spontaneously,1
sponsor,1
spoken,1
spoke,1
spoiled,1
spiritual,1
spin,1
spiders,1
spicy,1
sphere,1
spends,1
spell,1
speculate,1
spectrum,1
spectators,1
specifies,1
specifications,1
specification,1
specialties,1
specially,1
specializes,1
specialized,1
special,1
speaks,1
speakers,1
sparkingh,1
spans,1
spain,1
spaghetti,1
spaceflight,1
sowing,1
soviet,1
souvenirs,1
souring,1
sourcing,1
soup,1
souls,1
sophistication,1
song,1
somewhere,1
someproblems,1
someplace,1
somehow,1
someday,1
solve,1
solitary,1
solicits,1
solely,1
sole,1
soil,1
socio,1
socialprofitability,1
socializing,1
soccer,1
snobby,1
snapping,1
snapped,1
snap,1
smugglers,1
smooth,1
smoke,1
smile,1
smartwatch,1
smartest,1
smarter,1
slums,1
slowly,1
slipped,1
slip,1
slimmer,1
slighted,1
slight,1
slice,1
slamming,1
slammed,1
skyrocketing,1
skip,1
sketches,1
skepticism,1
skates,1
sixty,1
sixth,1
sixteenth,1
sixin,1
sits,1
sister,1
sipped,1
sink,1
sinister,1
simultaneous,1
simplify,1
silvia,1
silver,1
signing,1
significantly,1
significance,1
signal,1
sightseeingc,1
sightseeing,1
sievenpiper,1
sierra,1
sided,1
sibylla,1
shut,1
shrink,1
shredded,1
showcase,1
shortened,1
shores,1
shopkeepers,1
shootingm,1
shooting,1
shooters,1
shoot,1
shook,1
shoddy,1
shipping,1
shipped,1
ship,1
shiniest,1
shifted,1
shielding,1
shielded,1
shepherds,1
shen,1
shelves,1
shelters,1
sheltering,1
shells,1
sheep,1
sheds,1
shawn,1
shaw,1
shaver,1
shat,1
sharpest,1
shark,1
shaping,1
shallows,1
shale,1
sfund,1
sewers,1
severe,1
settlings,1
settler,1
setback,1
serving,1
served,1
servant,1
sequencing,1
sequencesat,1
sequences,1
sequenced,1
sequence,1
separation,1
separating,1
seong,1
sentabtv,1
sentab,1
send,1
senator,1
senate,1
sell,1
selection,1
selected,1
seized,1
segregated,1
segments,1
sees,1
seeps,1
seemed,1
seeking,1
seeing,1
seed,1
seductively,1
securing,1
secrets,1
secretariat,1
secrecy,1
secondary,1
seawater,1
seat,1
seasons,1
seashore,1
seas,1
searching,1
sean,1
seals,1
sculpture,1
scrutiny,1
screams,1
scratching,1
scraped,1
score,1
scooping,1
scoles,1
scientifically,1
schumpeter,1
schoolmates,1
scholarships,1
scholarly,1
scholar,1
schiebinger,1
schemes,1
scheduling,1
schedule,1
scenic,1
scenario,1
scatter,1
scarcely,1
scarce,1
scanning,1
scanner,1
scandinavians,1
scandal,1
scaling,1
sawyer,1
saving,1
saved,1
satisfy,1
satisfaction,1
santa,1
sank,1
samplesthey,1
sampler,1
salvaged,1
salient,1
sale,1
salah,1
salad,1
sailed,1
saharan,1
safer,1
safely,1
sacrifices,1
sacred,1
rutgers,1
rusty,1
russell,1
rushed,1
rush,1
rule,1
ruin,1
rubber,1
rows,1
rowe,1
routines,1
routinely,1
roundtable,1
rounds,1
roulstone,1
roughly,1
rotten,1
ross,1
root,1
rooms,1
romanticism,1
rolled,1
rocked,1
rock,1
robotic,1
robinson,1
roam,1
roadway,1
roads,1
rizwan,1
rituals,1
riskier,1
risked,1
risen,1
riots,1
rigs,1
ridicule,1
richest,1
richard,1
riba,1
rhyme,1
rewarding,1
reward,1
revolved,1
revolutionizes,1
revolutionized,1
revolutionize,1
revivals,1
revival,1
revitalization,1
revitalise,1
revised,1
reverse,1
revelations,1
revealing,1
reuses,1
returns,1
retrieve,1
retraining,1
retirement,1
retire,1
rethinking,1
retaining,1
retailer,1
restraints,1
restrain,1
restore,1
restoration,1
restless,1
rested,1
restaurants,1
responsiveness,1
responsibly,1
responsibilities,1
respectively,1
respectivec,1
respectful,1
respected,1
resourcefulness,1
resort,1
resolved,1
resolution,1
resold,1
resisted,1
resignation,1
residuals,1
residence,1
reshuffled,1
reshaping,1
reserved,1
reservations,1
rescues,1
requests,1
repurposed,1
repurpose,1
republicans,1
reproductions,1
reproducible,1
representing,1
represented,1
representative,1
representations,1
reporters,1
replanting,1
replaces,1
replaced,1
replace,1
repeat,1
repayment,1
repairs,1
renowned,1
renovated,1
reno,1
renewed,1
renegotiation,1
removed,1
remotes,1
remoteness,1
remodeling,1
remind,1
remengesau,1
remembered,1
remedy,1
remarkable,1
remaining,1
relying,1
reluctantly,1
reluctant,1
relocating,1
religious,1
religion,1
relieve,1
relief,1
relentless,1
release,1
relax,1
relates,1
relate,1
regulatory,1
regulation,1
regulated,1
regret,1
regional,1
regarding,1
regard,1
refuges,1
refreshing,1
refrained,1
reforms,1
reformers,1
reformer,1
reflectnot,1
reflecting,1
reductioncommitments,1
reduction,1
reduces,1
redesign,1
recycle,1
recruitment,1
recruiting,1
recruiters,1
recreation,1
recovered,1
recordingyou,1
reconnaissance,1
recommending,1
recommended,1
recognized,1
recognitiond,1
recognise,1
reclassification,1
reckons,1
recklessness,1
recite,1
recipients,1
recipe,1
recharge,1
reception,1
receivers,1
recalled,1
recalcitrant,1
rebuild,1
reasoning,1
rear,1
reapingo,1
realizing,1
readers,1
reaction,1
react,1
reaching,1
rats,1
ratliff,1
rationally,1
rationalism,1
ration,1
rated,1
rare,1
raphael,1
rankings,1
ranking,1
ranging,1
randomness,1
rainy,1
rain,1
railway,1
rahm,1
radically,1
radical,1
radiation,1
radiating,1
racism,1
raced,1
quicker,1
quicken,1
questionnaires,1
questionnaire,1
query,1
queens,1
quarters,1
quarterly,1
quarreled,1
quarrel,1
qualified,1
qipao,1
pyramids,1
push,1
pursuing,1
pursues,1
pursue,1
pursing,1
purely,1
purchasing,1
purchased,1
punishment,1
punishing,1
punish,1
pulling,1
publishing,1
publish,1
psychiatric,1
proximately,1
proxies,1
provision,1
providescholarships,1
provider,1
proverbial,1
proud,1
proteins,1
protects,1
protections,1
prosumers,1
prosumer,1
prosperity,1
prospered,1
prospective,1
proposals,1
proper,1
proof,1
prompts,1
prompting,1
prompt,1
promotes,1
promoters,1
prominent,1
prolongs,1
prolong,1
projected,1
prohibiting,1
prohibited,1
progressin,1
profoundly,1
profound,1
proficient,1
productsd,1
productivities,1
produces,1
procured,1
procrastination,1
processor,1
probable,1
privatization,1
prioritize,1
prioritises,1
primed,1
priests,1
pricey,1
pricesremain,1
prevents,1
preventive,1
prevalent,1
prevailk,1
prevailing,1
pretended,1
presuming,1
prestige,1
presses,1
preserving,1
preserved,1
preservation,1
presentation,1
preschool,1
preparations,1
prefrontal,1
prefers,1
preferentially,1
preferences,1
preference,1
predictors,1
predictor,1
predictionsd,1
predictable,1
predatorsk,1
precision,1
precise,1
precious,1
precedent,1
practitioners,1
practicality,1
powerless,1
postpone,1
postgraduates,1
postgraduate,1
possess,1
positions,1
positioning,1
portrayed,1
portray,1
porters,1
portable,1
pornography,1
populationsc,1
populated,1
popularize,1
pools,1
polluting,1
pollutants,1
polls,1
politicians,1
politician,1
politically,1
pole,1
polar,1
poisonous,1
poisoned,1
poison,1
poised,1
points,1
pointin,1
poetry,1
pockets,1
pocket,1
plus,1
plunge,1
plumbing,1
plug,1
plots,1
pledges,1
pledged,1
pleasures,1
playsuits,1
player,1
platform,1
plates,1
plateau,1
plate,1
planets,1
plagiarism,1
placement,1
pitfalls,1
pipes,1
pipelines,1
pioneered,1
pioneer,1
pinpoint,1
pink,1
piled,1
pigs,1
picturing,1
picture,1
picking,1
physicist,1
photographs,1
photographer,1
phonec,1
philosophy,1
philanthropic,1
phasing,1
phased,1
phase,1
pests,1
perspectives,1
personalized,1
personality,1
persistently,1
persist,1
permission,1
permanently,1
perils,1
performer,1
performances,1
perfectly,1
perfected,1
perception,1
perceived,1
pepper,1
peoples,1
peninsula,1
pediatricians,1
pediatrician,1
pedestrian,1
peculiar,1
peapod,1
peacock,1
payoff,1
payloads,1
paul,1
patents,1
patent,1
passive,1
passionate,1
passion,1
passagetwenty,1
passagethe,1
passagephotography,1
passageon,1
passagefor,1
pass,1
partnering,1
partnered,1
partner,1
parties,1
participated,1
parks,1
paradox,1
paradise,1
parade,1
paperweight,1
pants,1
panini,1
panic,1
panels,1
paleo,1
palauan,1
painstaking,1
pain,1
paharia,1
packing,1
packaged,1
oxide,1
owns,1
owner,1
owned,1
owls,1
overuse,1
overtook,1
overstates,1
overshoot,1
oversharing,1
overshadowed,1
overproducing,1
overmining,1
overlooking,1
overlook,1
overhaul,1
overestimated,1
overcooked,1
overcome,1
ovens,1
outweighed,1
outsmarting,1
outsmart,1
outset,1
outs,1
output,1
outlined,1
outgrow,1
outgoing,1
outfits,1
outerwear,1
outer,1
outdoor,1
otherplaces,1
oscar,1
originator,1
originate,1
originally,1
organizer,1
ordinary,1
ordeal,1
orbits,1
optimize,1
optimistic,1
opposite,1
opposes,1
opinions,1
operator,1
openings,1
opening,1
onventional,1
onunseasonably,1
onto,1
ontario,1
onsite,1
onreducing,1
onmultidisciplinary,1
onlyc,1
ongoing,1
onequestion,1
oncarbon,1
onanswer,1
omrs,1
omits,1
olympics,1
olive,1
okay,1
oilindustry,1
oftheir,1
ofteam,1
ofsection,1
ofprices,1
ofmotivation,1
ofinteracting,1
ofgreenhouse,1
ofgalaxies,1
offtime,1
offshore,1
offices,1
offense,1
offends,1
offences,1
ofcarbon,1
ofafrican,1
odds,1
occurs,1
occurring,1
occupy,1
occupancy,1
occasionally,1
occasional,1
obviously,1
obstruction,1
obsessed,1
obsess,1
observing,1
observation,1
obscura,1
obliged,1
obligated,1
objective,1
objection,1
objected,1
obese,1
obama,1
oath,1
nutritious,1
nutritionists,1
nutrition,1
nutrients,1
nutcracker,1
nurtured,1
nursery,1
numerical,1
nudie,1
nuclear,1
nowadays,1
november,1
novelty,1
notwithstanding,1
notified,1
notifications,1
noticed,1
notice,1
notexist,1
notablyk,1
nosek,1
norwegians,1
norwegian,1
nordstrom,1
nongovernmental,1
nonetheless,1
noises,1
noblemen,1
ning,1
nights,1
nightmare,1
niece,1
nickel,1
nicholas,1
nicely,1
nice,1
newton,1
newsletter,1
newly,1
newfoundland,1
newer,1
newborn,1
nevada,1
neutrality,1
neutral,1
neuroscience,1
nesting,1
negotiations,1
negligence,1
neglect,1
negatively,1
neeru,1
needing,1
nectar,1
necessities,1
neat,1
navigational,1
navigation,1
navigates,1
navigated,1
naturalist,1
natives,1
nationwide,1
nationsb,1
nationally,1
nationality,1
narratives,1
napoleon,1
naming,1
namely,1
namedmary,1
named,1
muttering,1
musical,1
music,1
muscles,1
murderer,1
murder,1
multitudes,1
multitude,1
multiplying,1
multiply,1
multiplies,1
multiples,1
multiple,1
mtigue,1
mower,1
movies,1
moves,1
movements,1
movable,1
mounce,1
mott,1
motivating,1
motivate,1
motion,1
moths,1
moth,1
mostlyto,1
mortgage,1
mortality,1
morris,1
moreintense,1
moon,1
moody,1
moodthey,1
moods,1
monthly,1
monopolized,1
monologues,1
monitors,1
monitored,1
monetaryfund,1
mondayall,1
momentum,1
moist,1
modular,1
modify,1
modified,1
modes,1
moderated,1
modeled,1
mode,1
mobilisation,1
moan,1
misuse,1
mistrust,1
mississippi,1
miss,1
mismanagement,1
misled,1
misleading,1
misconceptions,1
misclassifies,1
minus,1
minority,1
minorities,1
ministers,1
minimizing,1
minimal,1
miniature,1
mini,1
miner,1
milestones,1
milestone,1
mild,1
migrating,1
migrate,1
midst,1
microfinance,1
microbiologist,1
michigan,1
michelle,1
mexican,1
methodology,1
methodologies,1
methodologically,1
meteorological,1
metal,1
message,1
merging,1
merge,1
mercy,1
merchant,1
mentored,1
mengs,1
memorization,1
memories,1
melting,1
melinda,1
melancholy,1
meetings,1
mediterranean,1
medals,1
meat,1
measurements,1
meant,1
meaningless,1
mcglynn,1
matured,1
mature,1
matthew,1
mates,1
maters,1
maternity,1
matchmakers,1
matched,1
masters,1
massively,1
mask,1
marybeth,1
mart,1
marshes,1
marshall,1
marriages,1
marketincentives,1
markedly,1
maritime,1
margo,1
margins,1
marginal,1
margaret,1
marchick,1
marcario,1
manufacturing,1
manufactures,1
mantarobot,1
mansion,1
manners,1
mankind,1
manipula,1
mandate,1
manchu,1
manages,1
mammal,1
malpractice,1
mallen,1
males,1
makiin,1
makeup,1
maintaining,1
mainstream,1
mail,1
maid,1
magnify,1
magnified,1
magna,1
magazines,1
magazine,1
luxury,1
lundgren,1
ludacris,1
lucky,1
luck,1
lowest,1
lowes,1
lowering,1
lowered,1
lovejoy,1
loved,1
loudly,1
loud,1
lottery,1
lost,1
losses,1
loss,1
losing,1
lord,1
loops,1
looked,1
longevity,1
longest,1
londa,1
loehr,1
localities,1
lobe,1
lobbyists,1
lobbying,1
lobbies,1
loan,1
load,1
liver,1
livelihood,1
lived,1
literature,1
literate,1
listened,1
lion,1
links,1
linkage,1
lingering,1
lincoln,1
liking,1
likewise,1
likability,1
lihotsky,1
lightbulbs,1
lifting,1
lift,1
lifespans,1
liberty,1
liable,1
lewis,1
levin,1
leverhulme,1
leverage,1
lever,1
letting,1
letters,1
lessons,1
lessen,1
leslie,1
leone,1
leibowitz,1
legally,1
legal,1
legacy,1
leftover,1
lectures,1
leathery,1
leaning,1
leafy,1
leader,1
layoffs,1
lawn,1
lawc,1
lavatories,1
laurence,1
laundry,1
laughter,1
latin,1
lasts,1
lasting,1
laptop,1
lapse,1
landscapes,1
landfills,1
landfill,1
landed,1
lament,1
lakes,1
lagoon,1
ladylike,1
laden,1
ladder,1
labs,1
labour,1
labors,1
laborious,1
laborers,1
label,1
kurt,1
korean,1
knew,1
kline,1
klaus,1
kits,1
kingdom,1
kindergarteners,1
kimberlite,1
kilometres,1
kilometre,1
kilometers,1
kilograms,1
killed,1
kidnapping,1
kidnapped,1
keys,1
kent,1
kenneth,1
keinan,1
keeping,1
keenly,1
keen,1
kate,1
karthik,1
kahuna,1
justifies,1
jury,1
juries,1
jungles,1
jungle,1
june,1
jumping,1
judgments,1
judging,1
judge,1
journey,1
josepha,1
jonathan,1
joining,1
joined,1
johann,1
jobson,1
jobless,1
jill,1
jeopardize,1
jennifer,1
jealousy,1
jayne,1
japanese,1
japan,1
janeiro,1
jane,1
jamison,1
james,1
itwill,1
itrang,1
italy,1
italians,1
isolation,1
isolated,1
islands,1
isaac,1
irresponsible,1
irrational,1
ironically,1
iron,1
iranians,1
ipod,1
ipad,1
iowa,1
inways,1
inward,1
invited,1
invite,1
investigators,1
investigations,1
investigation,1
investigating,1
investigated,1
investigate,1
invested,1
invest,1
inventory,1
inventions,1
invalidate,1
intruder,1
introductory,1
introduction,1
introduced,1
intolerantk,1
intimidating,1
intimateg,1
interviewers,1
interviewer,1
interview,1
intervened,1
interpreting,1
interpreter,1
interpretations,1
interpretation,1
internships,1
intermediary,1
interlocking,1
interferes,1
interestingly,1
interacts,1
interaction,1
intensity,1
intensifies,1
intends,1
intended,1
integrated,1
integrate,1
intake,1
insulted,1
insult,1
instructors,1
instruction,1
instructed,1
installing,1
installed,1
instagram,1
inspiration,1
inspending,1
inspect,1
insomniac,1
insightful,1
inside,1
inselbergs,1
insecurity,1
inquiring,1
input,1
innovators,1
innovationin,1
innovationd,1
injustice,1
injury,1
injuring,1
injection,1
inits,1
initiatives,1
initial,1
inherit,1
inherently,1
inherent,1
ingredients,1
ingenuity,1
informational,1
influences,1
influenced,1
infinite,1
infections,1
infants,1
infant,1
infancy,1
infamous,1
inexpensive,1
inevitably,1
inertiam,1
inequity,1
inequities,1
inefficient,1
ineffective,1
industryduring,1
industrialized,1
industralized,1
indulge,1
inducing,1
indoor,1
individualized,1
indispensableb,1
indispensable,1
indigenous,1
indifference,1
indicators,1
indicator,1
indication,1
india,1
index,1
indefinitek,1
indecision,1
indebted,1
incurring,1
incurred,1
incur,1
incorporating,1
incorporates,1
inconsistent,1
inconsequential,1
incompetent,1
incompatibility,1
incomparable,1
includes,1
inclined,1
incidents,1
incidentally,1
incident,1
incidence,1
inches,1
inattention,1
inaccessible,1
inability,1
impressionf,1
impression,1
impress,1
impractical,1
imposing,1
impose,1
imports,1
import,1
implementing,1
implementedsection,1
implemented,1
imperiled,1
imperial,1
impatiently,1
impairs,1
impairingi,1
impaired,1
impacting,1
immersion,1
immersed,1
immediately,1
imitations,1
imitated,1
imbalanced,1
imagination,1
illustrating,1
illustrated,1
illustrate,1
illuminated,1
illnesses,1
illiteracy,1
ikea,1
iiterature,1
ignoring,1
ignores,1
ifsufficiently,1
ifixit,1
idioms,1
identifier,1
identifiedf,1
identification,1
ideals,1
idealnew,1
idealized,1
idealism,1
iconic,1
icebreakers,1
iberian,1
hysteria,1
hypothetical,1
hyper,1
hydro,1
hurts,1
hurting,1
hunters,1
hunt,1
hungry,1
hundredth,1
hundred,1
hummingbird,1
humidity,1
hugging,1
huerta,1
hover,1
housewives,1
households,1
hourly,1
hotter,1
hostile,1
hospitals,1
hormones,1
hopeful,1
hoped,1
hooked,1
homeland,1
holy,1
hollow,1
holidays,1
holds,1
hokkons,1
hobby,1
hoarders,1
hits,1
hitherto,1
historically,1
historians,1
historian,1
hispanic,1
hired,1
hinting,1
hindered,1
hinder,1
hillary,1
hill,1
hijacking,1
highso,1
highlight,1
hides,1
hidden,1
hesitation,1
hesitant,1
heroes,1
heritage,1
herd,1
herbal,1
heralded,1
helpingoutstanding,1
helpers,1
helicopter,1
heavy,1
heavier,1
heating,1
heated,1
hearted,1
heartbeats,1
heart,1
headway,1
headquarters,1
headlines,1
headline,1
headed,1
headache,1
hawes,1
haveobjected,1
hats,1
hasteng,1
haspushed,1
harvested,1
harvard,1
harmonizing,1
harmonious,1
happy,1
happiness,1
happier,1
hanging,1
hang,1
handwritten,1
handle,1
handbag,1
halved,1
halt,1
halfway,1
hailed,1
hacking,1
hacked,1
guzzling,1
gunman,1
guinea,1
guild,1
guidance,1
guests,1
guards,1
guarded,1
guard,1
guarantees,1
guaranteed,1
groundwater,1
grounding,1
grounded,1
gropes,1
grocery,1
grind,1
grigorov,1
gregory,1
greens,1
greenie,1
greenhousegases,1
greek,1
greece,1
greco,1
graze,1
grave,1
graphic,1
grandma,1
grandfather,1
grams,1
gram,1
graduals,1
graders,1
graded,1
grace,1
governing,1
governance,1
gottlieb,1
gotten,1
gossip,1
gordon,1
golden,1
goggles,1
globe,1
globalized,1
glen,1
glance,1
glamorous,1
glaciology,1
glacier,1
girls,1
girl,1
giraff,1
gifts,1
gifted,1
getnoticed,1
germans,1
geologists,1
geographical,1
gentlemen,1
genomes,1
genius,1
geneticists,1
genetically,1
gender,1
gathering,1
gather,1
gates,1
gasman,1
gasemissions,1
garment,1
gardner,1
gardens,1
garbage,1
gaining,1
gainesville,1
futures,1
futile,1
furniture,1
funny,1
fungi,1
funds,1
fundamentally,1
functions,1
functioning,1
fulfilling,1
fuelprices,1
frustration,1
frustrated,1
fruitless,1
fruitful,1
frontier,1
front,1
frog,1
friendship,1
friendliness,1
friend,1
fridge,1
frequently,1
frequencies,1
freeman,1
freely,1
francisco,1
framework,1
fragility,1
fractures,1
foxx,1
fought,1
foster,1
fossilfuel,1
forwarding,1
fortune,1
forthe,1
forresearch,1
formulated,1
formulas,1
formerly,1
formatting,1
formats,1
formations,1
format,1
formally,1
forgotten,1
forgive,1
forgetting,1
forget,1
forever,1
forerunner,1
forensic,1
foreign,1
forcing,1
forbid,1
forbade,1
football,1
foot,1
folks,1
folding,1
foil,1
focusing,1
flows,1
flown,1
flowing,1
flowers,1
flowering,1
flower,1
flowed,1
flow,1
flourishing,1
flourish,1
florence,1
floods,1
flip,1
flights,1
flexible,1
flatly,1
flashiness,1
flag,1
fixing,1
fitting,1
fitted,1
fitbit,1
fishery,1
fished,1
finishing,1
finish,1
finger,1
finest,1
finalists,1
finalised,1
final,1
files,1
figuring,1
fertilizers,1
ferrying,1
feminists,1
felt,1
feeders,1
feeder,1
federation,1
february,1
featuring,1
featured,1
feature,1
feathers,1
fears,1
fearing,1
favour,1
favorites,1
fault,1
fatigued,1
fate,1
fatal,1
fasterc,1
fascinated,1
farmer,1
faraway,1
fantastic,1
fantasize,1
famously,1
fame,1
fallen,1
faith,1
fairs,1
facilitate,1
facesd,1
facesb,1
eyewhy,1
extraordinary,1
extraordinarily,1
extracts,1
extraction,1
extracting,1
extinction,1
extends,1
extended,1
expressionsthey,1
expressions,1
expression,1
expressing,1
expressed,1
exposing,1
exposes,1
expose,1
export,1
explosives,1
explosion,1
exploring,1
explorer,1
explore,1
exploratory,1
exploitation,1
exploit,1
expired,1
expire,1
expiration,1
experimental,1
experiencing,1
experiencesd,1
expenditure,1
expedition,1
exhibiting,1
exhaust,1
exert,1
excuse,1
exclusivity,1
exclusivelyf,1
exclusive,1
excluding,1
exclude,1
exclaiming,1
exchanges,1
exchange,1
except,1
excellent,1
excel,1
exceeded,1
exceed,1
exams,1
examining,1
exaggeration,1
exact,1
evolutionary,1
evolutionarily,1
evolution,1
evocative,1
evidences,1
everybody,1
evertried,1
eventuallyshifting,1
evaporate,1
evan,1
evaluation,1
evaded,1
ethiopian,1
esther,1
esteem,1
establishment,1
essentially,1
escaping,1
errors,1
eradicate,1
equitable,1
equipment,1
equalitywhat,1
equaling,1
envy,1
environments,1
envelope,1
entry,1
entrepreneur,1
entrance,1
entity,1
entities,1
enthusiasts,1
entertains,1
entertainment,1
entering,1
entail,1
enrollments,1
enrollees,1
enroll,1
enormously,1
enjoyment,1
enhancing,1
enhances,1
englishmen,1
engines,1
energyinnovation,1
energyd,1
energyconsumption,1
energized,1
endures,1
ends,1
endorsement,1
ended,1
endeavours,1
endeavor,1
encoded,1
enabled,1
emulation,1
emulated,1
empirically,1
emphasizingf,1
emphasizes,1
emotions,1
emitter,1
emissionsdiffer,1
emirates,1
eminent,1
emergingmarkets,1
emerges,1
emergency,1
embrace,1
embarrassment,1
emanuel,1
emailing,1
elon,1
ellison,1
ellis,1
elimination,1
eliminate,1
elevated,1
electricity,1
electrical,1
election,1
eighth,1
eighteenth,1
egyptians,1
efficientlyb,1
effectiveness,1
edward,1
educationally,1
educating,1
educate,1
editor,1
editing,1
edible,1
edges,1
edge,1
economists,1
ecologist,1
echoes,1
eastern,1
easiest,1
easier,1
ease,1
ears,1
eagles,1
eagerness,1
dynamic,1
dyes,1
dwarfed,1
dutch,1
duplicate,1
dumping,1
dump,1
dubbed,1
dual,1
dryer,1
drown,1
drops,1
dropout,1
drives,1
drivers,1
driver,1
drinks,1
drifting,1
drift,1
driest,1
dries,1
dressed,1
dreschsel,1
dreams,1
dreaming,1
draws,1
drastically,1
drastic,1
drama,1
dozen,1
downward,1
downsizing,1
downs,1
downof,1
downloading,1
doubts,1
dosage,1
doors,1
door,1
donated,1
donald,1
dominguez,1
dominate,1
dominant,1
dominance,1
dome,1
dolphins,1
dollar,1
dogs,1
dodds,1
documenting,1
document,1
divorced,1
divisions,1
divided,1
diversityd,1
diversityc,1
diversityb,1
ditches,1
ditch,1
disturbing,1
disturb,1
distributors,1
distribution,1
distribute,1
distress,1
distractionb,1
distraction,1
distracting,1
distracted,1
distortion,1
distinguishing,1
distinctions,1
distinction,1
dissertation,1
disruptive,1
disrupting,1
disrupted,1
disputes,1
dispute,1
disproportionately,1
disposition,1
dispose,1
displayed,1
displace,1
disorders,1
dismiss,1
dishes,1
disengagement,1
discussion,1
discuss,1
discriminatory,1
discriminated,1
discredited,1
discoveries,1
discouraging,1
discourages,1
discomfort,1
discernible,1
discarded,1
disastrous,1
disappointing,1
disappears,1
disagreed,1
disadvantaged,1
disabled,1
directs,1
directive,1
dipped,1
diploma,1
diminish,1
dimensional,1
dime,1
digits,1
digit,1
digesting,1
differentlya,1
differencesd,1
differ,1
dietthose,1
dietary,1
diesel,1
died,1
diagnosisb,1
diagnoses,1
diagnosed,1
diagnose,1
devouring,1
devotion,1
devoted,1
devon,1
develops,1
devastating,1
devastates,1
deterring,1
determines,1
deterioration,1
deteriorates,1
detecting,1
detailed,1
destructive,1
destiny,1
destined,1
destinations,1
destination,1
desks,1
desirous,1
desires,1
desired,1
desire,1
desirable,1
deserted,1
desert,1
describing,1
deployment,1
deplete,1
depended,1
departments,1
deodorant,1
denver,1
density,1
densely,1
denotes,1
denmark,1
denied,1
demos,1
demonized,1
democratized,1
democracy,1
demanded,1
delivers,1
deliveries,1
delivered,1
delicate,1
delicacy,1
deliberate,1
delay,1
deformation,1
definite,1
defenses,1
defects,1
deeper,1
deepen,1
deems,1
deem,1
dedication,1
decorative,1
declare,1
decker,1
deciding,1
decidedly,1
debated,1
deaths,1
dean,1
dealt,1
deadline,1
dead,1
dazzling,1
dazzled,1
dayle,1
dawning,1
dawned,1
dawn,1
davis,1
daughter,1
databaseto,1
dare,1
daniel,1
dance,1
damaging,1
cystic,1
cutting,1
cuts,1
cute,1
customs,1
customersb,1
custom,1
curves,1
curriculum,1
curricula,1
curable,1
cuny,1
cuisine,1
cuffs,1
cues,1
cube,1
crystal,1
crushing,1
crucial,1
crowd,1
crossing,1
crossbreeding,1
crosby,1
cropley,1
criticism,1
crispin,1
crippling,1
criminal,1
creeps,1
credited,1
creature,1
creations,1
creates,1
crave,1
crashing,1
crashed,1
craigslist,1
cows,1
coveted,1
covers,1
coverage,1
cover,1
coupons,1
countdown,1
counsel,1
council,1
couldn,1
cotton,1
cortex,1
corridor,1
correlated,1
corrective,1
corrected,1
cornish,1
corner,1
corn,1
copying,1
copper,1
copies,1
copied,1
coordinator,1
cooperating,1
cooperate,1
coolest,1
cooler,1
cooking,1
cooked,1
cooke,1
convincing,1
conveyed,1
converting,1
convert,1
conversion,1
conveniences,1
controlling,1
contributors,1
contributing,1
contradicts,1
contractors,1
contractor,1
contests,1
contested,1
contestants,1
contenders,1
contemporary,1
contaminated,1
containing,1
containers,1
contacts,1
consultation,1
consultant,1
consultancy,1
constructive,1
construction,1
constraints,1
constrained,1
constitutes,1
constellations,1
constant,1
conspiring,1
consolation,1
consisting,1
consistently,1
considers,1
considerable,1
conservationists,1
consequential,1
consequence,1
consent,1
consensus,1
consciousness,1
conscientiousness,1
conscience,1
conquering,1
connectivity,1
connections,1
confused,1
confrontational,1
conformity,1
conflictsb,1
conflicts,1
confiscate,1
confident,1
conduct,1
concrete,1
concocted,1
conclusionc,1
conception,1
concentration,1
concentrating,1
concentrate,1
computing,1
computational,1
compromising,1
comprising,1
comprehensively,1
compositions,1
composition,1
complies,1
complicating,1
compliant,1
complexity,1
completing,1
complement,1
competent,1
competence,1
compel,1
compass,1
comparing,1
communitiesc,1
communicate,1
commonly,1
committees,1
commitments,1
commitment,1
commissions,1
comments,1
commentators,1
commentary,1
commendable,1
comedy,1
comedies,1
comcast,1
combined,1
combination,1
columbia,1
coloring,1
colombia,1
collision,1
collides,1
collide,1
collector,1
collectively,1
collecting,1
collected,1
collect,1
collateral,1
collapsed,1
collapse,1
collaborative,1
colds,1
coldest,1
cokes,1
coke,1
coined,1
coding,1
cocaine,1
coastline,1
coaches,1
clusters,1
clues,1
clothes,1
closures,1
closed,1
clocked,1
clock,1
cliquish,1
clinton,1
climbs,1
climates,1
client,1
clay,1
classrooms,1
classmates,1
classified,1
classical,1
classed,1
clark,1
clarity,1
clarification,1
claiming,1
civilian,1
citiestransforming,1
citiesdepend,1
citiesd,1
christine,1
christina,1
chords,1
choked,1
chinatown,1
chimney,1
childhoods,1
chiefexecutive,1
chicago,1
chewed,1
chest,1
cherish,1
chemistry,1
chemicals,1
chemical,1
chefs,1
cheeseburger,1
checkouts,1
cheberdak,1
cheated,1
chat,1
chassis,1
charts,1
charming,1
charles,1
charities,1
charges,1
characteristically,1
changeconference,1
chances,1
chancellor,1
championship,1
championing,1
chambers,1
chairman,1
chains,1
chagrin,1
certificate,1
ceramics,1
centres,1
centers,1
centered,1
cement,1
celsius,1
cellphone,1
cell,1
cease,1
cautiousness,1
cautiously,1
caters,1
caterpillar,1
catering,1
catered,1
cater,1
catching,1
catches,1
catalogue,1
castle,1
cast,1
cashout,1
cashin,1
cart,1
carries,1
carried,1
carr,1
caring,1
cares,1
careful,1
cared,1
carboncapture,1
carbonate,1
capture,1
capsule,1
capita,1
capability,1
canada,1
campaigns,1
camp,1
calories,1
calling,1
calendar,1
calculates,1
calculated,1
calcium,1
caffeine,1
cablevision,1
bythe,1
byemissions,1
buying,1
button,1
butterflies,1
butare,1
bust,1
businessman,1
busier,1
busch,1
burst,1
burns,1
burning,1
burned,1
burn,1
buried,1
burdensome,1
burden,1
bullied,1
bulk,1
buildup,1
budgeting,1
bskyb,1
bruising,1
browse,1
brothers,1
broom,1
brooklyn,1
broke,1
broadlyagree,1
broaden,1
brittleness,1
brittle,1
briskly,1
bringing,1
brimmed,1
brightline,1
brief,1
bridget,1
bridges,1
bridge,1
brian,1
bria,1
brewing,1
brew,1
breed,1
bred,1
breast,1
breakthroughs,1
breakdown,1
breakable,1
breadwinner,1
bread,1
brazilian,1
brandnew,1
branding,1
brake,1
bounds,1
bought,1
botanists,1
boston,1
borne,1
boredom,1
boosting,1
boosted,1
booming,1
boomers,1
boom,1
bonobos,1
bonding,1
bolts,1
bolster,1
bold,1
boeing,1
boden,1
boasts,1
boast,1
boards,1
boarding,1
boarded,1
blur,1
blown,1
blowing,1
blow,1
blizzard,1
bligh,1
blessing,1
blending,1
blended,1
blankson,1
blanketed,1
blamed,1
blame,1
blakemore,1
bits,1
bird,1
biologists,1
biologist,1
binding,1
bind,1
billions,1
bikes,1
beverage,1
bettering,1
besieged,1
besides,1
bertrand,1
bent,1
benifited,1
benefiting,1
benefited,1
beneath,1
bench,1
belongs,1
belonged,1
bells,1
bellezza,1
believing,1
belches,1
belarus,1
behaved,1
beforehand,1
beer,1
beendownloaded,1
bedtime,1
bedifferent,1
becteria,1
becausea,1
beautycounters,1
beautiful,1
bears,1
bearded,1
beaffected,1
baules,1
battleground,1
bats,1
bathtub,1
baths,1
bates,1
bars,1
barrier,1
barren,1
barge,1
barbie,1
bans,1
bands,1
banana,1
balanced,1
bakery,1
bags,1
badminton,1
badly,1
badge,1
backstage,1
backdoor,1
ayear,1
awkward,1
aways,1
awards,1
award,1
awake,1
avoids,1
avoiding,1
avoid,1
avocados,1
averse,1
averageof,1
averaged,1
autonomous,1
automobiles,1
automated,1
auto,1
authorize,1
authorised,1
australian,1
australasian,1
augment,1
audu,1
attributes,1
attribute,1
attracts,1
attempts,1
attempting,1
attempted,1
attainable,1
attain,1
attacks,1
attacker,1
attaching,1
attaches,1
atmospheres,1
atmosphere,1
atkins,1
astonishing,1
assuredly,1
assure,1
assumptions,1
assumes,1
assume,1
associates,1
assistants,1
assignments,1
assessments,1
assessed,1
assess,1
asserts,1
assert,1
aspiring,1
aspirations,1
aspirational,1
aspiration,1
asks,1
asians,1
artist,1
artifcial,1
arrived,1
armed,1
arithmetic,1
aristocratic,1
arid,1
arguably,1
argentine,1
argentina,1
areencouraging,1
architecture,1
architects,1
architect,1
archeologist,1
arbitrary,1
arab,1
aquatic,1
aquariums,1
approval,1
appropriatelevel,1
appropriatecarbon,1
approaching,1
appreciation,1
appreciate,1
applies,1
applications,1
application,1
applicants,1
applicable,1
appliance,1
appl,1
appetising,1
appeared,1
appearance,1
apparent,1
apparatus,1
apart,1
anymore,1
anybody,1
anxieties,1
anton,1
antitrust,1
antisocial,1
antique,1
anthropology,1
anthony,1
annually,1
announcements,1
annette,1
aniston,1
animal,1
angelo,1
anecdotes,1
android,1
andlabel,1
anddeclines,1
andcite,1
analyzed,1
analyze,1
analytics,1
analysts,1
analyst,1
analysed,1
amuse,1
amplify,1
amphibia,1
amid,1
amendments,1
amazing,1
amateurs,1
alumninetworks,1
altruistic,1
alters,1
alternatives,1
altering,1
aloud,1
alma,1
alison,1
alice,1
algorithm,1
alerting,1
alcoholic,1
album,1
alarming,1
alarm,1
airport,1
airplane,1
airbus,1
agony,1
aggressively,1
agewhat,1
agents,1
aged,1
afterwards,1
afraid,1
affordable,1
affective,1
aetna,1
aerospace,1
aeronautical,1
aeragram,1
adviser,1
advised,1
advise,1
advisable,1
advertised,1
adverse,1
adventurous,1
advent,1
advantageous,1
advancing,1
advancements,1
adored,1
adopts,1
adopters,1
adopted,1
admittedly,1
admitted,1
admits,1
admission,1
admire,1
administrator,1
adjustments,1
adjustment,1
adjusting,1
adjusted,1
adhering,1
adhd,1
adept,1
adds,1
addressing,1
addressed,1
address,1
additives,1
addition,1
addictive,1
addicting,1
addict,1
adapting,1
adaptable,1
adapt,1
acupuncture,1
actual,1
acts,1
actroid,1
activision,1
activating,1
activated,1
activate,1
actionto,1
actions,1
actionable,1
acted,1
acquired,1
acquire,1
acquaintancec,1
acknowledging,1
acknowledges,1
acknowledged,1
acknowledge,1
achievers,1
accustomed,1
accuse,1
accurate,1
accountable,1
accomplishments,1
accomplish,1
accidents,1
accessory,1
accent,1
accelerating,1
accelerates,1
academics,1
abusing,1
abstract,1
absorbing,1
absorbed,1
absorb,1
abraham,1
abnormal,1
aberration,1
